1233,8774435f475843e685383ca93c5495a5
1234,ede0bef1e9d84550bb7bfb0429657832
1235,7d196fb3c35243108bc8bacbe668b2a4
1236,e83fd4e9172b495587894989327cfa07
1237,19068e4f75eb438ab2f6af400a623d03
1238,26fff707b96e400b9d2c39652e7221ed
1239,5954529901d14ec79db67ff4de9884bd
1240,15eecc47f938427fbc2340ed44885a92
1241,a9de3b277d984ca1a37b6b98070b3b27
1242,19d4ec4bf9044816ba1457e5be3cbe0b
1243,0868d49123804468b3ad5b8c51208d4f
1244,5ef2a821bc214e43bfeecbfd89d20b2d
1245,2011b34d27f348839fe8b3bbca0a2acb
1246,3108b37f68134fde89e8a99276a72a5b
1247,589f2639a9c44ba4aab30abc08808d54
1248,a68381531d604cccbd224f38ffcc01e6
1249,e1af5664442a4fc3a2bd6686c3e4a067
1250,59db5a3efc284d63b85c31c5529135b2
1251,391e31a17c674e0c85514ac72d3068fa
1252,00677719492a4dc48e0ec7b4dbe05a84
1253,4ded2f9da6544c96ab31374a647c8610
1254,80f71f5bab9048e4b5031fdf9caf068d
1255,86e5eba57c7b4f25bc00c03c5d945a53
1256,19d6a1df30b24b00971039d688c8ace0
1257,2c7e24659051470fb50700e38e0d8497
1258,94c9913c4a8541e88adb984d9f8c9603
1259,5cb8399b15fe48b98b17bfe6b53e7267
1260,7e873fb76bf047cb81dcff0c6634e096
1261,aed2921a78f84b7c9462550fe6deb9f7
1262,28b374445c064992a90193a22064924e
1263,fb2959bc3cb5445c976c7e70703d72db
1264,1a06199fec9a4580b1056e739c402778
1265,5a2fc273c9e746a78843e45fc1efd00f
1266,dc844bff7481499c8a3e02a4a335fa58
1267,50d34892474b47bab0ad8573e0f48ae8
1268,c304410b08844831b1bae51c78b233c6
1269,aa8cc745f26b45759fec00315aa4009e
1270,3acf14b361dd435795044d9347426139
1271,0ee4f81b02934e10a69aa2a10579ad98
1272,838690939e2e4b72a32c0778ed9af35c
1273,5be0f6760c194811bdb64497308eef63
1274,b841565c700b464db6b15f726ac34175
1275,8ca7fe80026b4f90a402e56bc58aa898
1276,f5ac874753a941a68c8a158139919919
1277,f1fc75aef16648618029d8deacf71249
1278,20b93b50355f4fcb86d94034d7b7f9b7
1279,8f1ce5436e434ee994c754c3c5b91b6e
1280,6d826327381a4906a3252fcfd40d4f58
1281,d52508f884994fd7ad573b2602376138
1282,9e26d88fc36748bfa357ed072c83b4b1
1283,75cb859dedab4f76976e2085b428ed6b
1284,d7baae44c9a84dde8f648f3ed7c68093
1285,a8dbf2c7a4834810a8f21cf2c30cab47
1286,79ddb8e54f344abba819f8e092902f80
1287,563f00e624674a5f98bd224333872b16
1288,0ee2ab293e6a49139b760a5ec78a5ce8
1289,e5b256c8f25f469aa9d17ad062783126
1290,e31ee231c9954dbb88bafc4f9af77d30
1291,291168f46829445cb1b1c74840b42598
1292,9ca65161f4da43be98f514585cbfd533
1293,fbf9003e915a4a9f9710b6d6cdb6a9da
1294,7bc5710e5a184c889397031f28ff671e
1295,8db4a2d0879043dba8a650a6b15d743d
1296,8374eee24b204293af58ad960354169c
1297,e354c261ad03492e83cf6b169a5ae7d3
1298,6859ec98e83847df8cebf37ae921ba37
1299,2438faad05844443ae031db6d83c622d
1300,7ac449c07d434602aead5fbdf7357671
1301,85da00a554f442a195a90b2a2c181f66
1302,6c3d9e1ede104ad1a2e1bc1aea0d86b4
1303,b3ba9acb5b674c328c3ec7f602bac0de
1304,0b34d2d5b7714c10a8ccafb1bd423603
1305,4b87609bcba2474b84b293973f8b68ca
1306,953c0058dc224b80a8e570d6b7f904fc
1307,6fe4a3e36d1748d89d380f7290e0c424
1308,ae1c0f54d9b04156a51a3389d539f550
1309,4709abb236c740e79a33eae207a52cd3
1310,ac4d863c921245c688f68c81f621ed18
1311,927bfa0a9f4b4477a95251e8a6e599b1
1312,71a780373f164afd9750b3a4e1fa1a09
1313,3974c2c87a4047a486a12ecffe511870
1314,076a10105a75491c815f3bb5700510cf
1315,4a8f38b7228344af996fc6fdea6590e6
1316,ec4a2a242c784507af158653598a46a7
1317,efe3664f2a2a427aa3cbf40c3b7bb2a9
1318,77b223a3c68645adb51a82bb79698bf6
1319,bbc8652cc010488f97b89cbb50ef55f7
1320,0e915348300c4c39bcc665619c9c3c49
1321,76726ec742104963a365c948509f9d21
1322,254618c4f3a44e808c10c07fe3e5b3e0
1323,1d9cd2648f9f43e5aba624d1135e0052
1324,99bbbe7de9c047d1b6aa1b0adaea6d55
1325,4e68324f4b1747f691472b0b3afadfc9
1326,afb734e314f040618ed708e9f3304e87
1327,2559ff9bd81e441d988091274405b8fd
1328,efaea0de7f3846178a5f2ae8f6789294
1329,11e35e7b6a974f5fb4e924ebe4b37113
1330,e5f4e7f97d3a44028231d961769c9c8b
1331,ef7e85cb63ac4c048a3b4ee750199987
1332,a5d53f21f5234ecb816f275e21eb3b80
1333,0d413f94c29040468f63c9d0ff796be4
1334,29017ae713ff487fb1bed0b78ca782b2
1335,5065cb85e4d54564bde726d053348e0b
1336,658060fbdc994554afe63bd455aeb556
1337,a97086094c5c4afa9ddd7693ffceb5d0
1338,97f23499069b46a98562260b32f0762e
1339,bc7190bc048845af8bf4decc3e3c1bcb
1340,506a856060924814a7bae3e9484d20a1
1341,252b250ae65d472fbd927c00cbdacca8
1342,4976ea2cbb7c4945aecbd2d20967296c
1343,72e87f02cbec4de69f7111f7cc8a369d
1344,e3f1adb6c74e403eaff94396620b506e
1345,647f5c78058a47cfa422cc471eb64ec5
1346,cb2e7624e7bd4cd1846114a49940c311
1347,ccaf00b4dc904b4ca9494f8e655a7a3c
1348,9ba7e1f9ac264760999ee285a125095f
1349,b8233460ffb54e83b788fdb58d013824
1350,25f09d0390734cf3b963b004d64bca74
1351,fe205cdbf9c041db9288ea3b15a766f1
1352,14ef5032fa644770bc3f28658729d8db
1353,be2f3ebdff5a446db02bccfd48cb06e4
1354,cb7f58e7a561433f9a177fed68e2bc98
1355,3a3c481d22cc47b3a071554777c5a4bb
1356,48cf6f083cdf4616854d287fe27c09cf
1357,4909fecdf4d5490ebf0ca75936c6a410
1358,ed12d3f7997c4af5a2692ce94b16a0a9
1359,62e17c0925354e0b8b143fa2d43d37d5
1360,71b20a1a3a8a4c8e9346cfa9aeccb7c4
1361,882b20c554064cc6a718b35148829786
1362,2c5dcac711294749998652bf527f73f8
1363,dcbb2a7a45764d8ead4e29e0911db1c3
1364,efd21c4b579b4568b1752e0c8d65f99d
1365,169d341299fc4bc99af5785f3cf448a5
1366,612a2b5bde474b8fa2c3873ae2c924e2
1367,d5d31102e8784c8db90dfa25f2a716c0
1368,2d00bc73dbc046c3a1f365061ab230cc
1369,b37ecadce9f54f879955042ed3ea28a6
1370,8d216f36e642460d877cec47a4edde7d
1371,e34619364c4642fa9542cb8c50d5bf21
1372,7ab0bde42b6d4df69bdc129d8434a945
1373,723151dcb99545088fc62eae58687a87
1374,f17ca7c7ba9c4e75b96e1b3596042073
1375,1bd3714e36b146e09ad02c6e9426e864
1376,728b5bbc46d44bbbadca522ec3060824
1377,1b7886c4d07e4ff4bf91bb6749e0ecb0
1378,a8b328e7180b4a628a26964f8f583023
1379,0ce739db4a3e4169b9896ee48c74a397
1380,6b836ea96ac647ad82b0f033f8cd0845
1381,755cea4130b54cc8a0df5d37024a7487
1382,bc18aca462b24ecf8effba990263096e
1383,93dcd4e07833498696230b54db5dc6d9
1384,43a51960c26f42d99770d2ccce67c000
1385,aca119df05904e4383ad37032efce80f
1386,c56a68a541834618a586fe2542b9f44c
1387,d78421e1923f4a00b52de3a00578f5cd
1388,24cffe95f82f42f2a60b5acc016719d4
1389,47bcda122ba94c93b2a9b64fedf3b0ef
1390,0b4caea0eca04a44bad3140c69c4fccb
1391,3b776c68e3434261b9a520d1c2d651c4
1392,a4ba12fbaed24adb900518936003da20
1393,3400acce30d24260a738bb9de069fe8f
1394,4271ef3891434741a384e00db1e6b3f2
1395,c9126a7b5ec34b53b7db6ab53f976753
1396,2d2efc275ce8446588a51ab1b71812eb
1397,9cbd94d0b5874e268fdca5d8ee6afc9b
1398,1e0066e76755428595557e9b7d07035e
1399,ca5cf0499f59486c9cacd9b5f9faed95
1400,5cd26f33b4294d51a94792fa22887e86
1401,9c128cef3c3746eaa4bd2622eb20fe42
1402,3fb5dd5bbdf04ff6bf536c499f8541ab
1403,5600699960a9471a9f0cd5173361d4a2
1404,931d5df7b520424fab4e0190f50cf87b
1405,b36b0486ff9849f1ae99204f73794e6c
1406,28c39df750164b3ba73fe5c4b8d1a3a3
1407,51cc3258c1924f699f7208096b4d715d
1408,e98359af4a71480e98b4802f4bf98a47
1409,f85eb75a7f2b431d9548b9eff934f31f
1410,4f6a81f110f143918d6aac14ae27b819
1411,271282ea1f794558a2df69f3ba6c5272
1412,eb60243b69d9435090118edde0bef976
1413,dc5415a3e2134c9bbbaa64a8bbe57bff
1414,9f66440b2c06452aafbcd34fafed4b31
1415,73113ac0756844b5b2612047f32b13e1
1416,1965b1d1eb3048aba542d4a7fe91e039
1417,7b1b622606494a75817ac006ed32db02
1418,beb7e8e237db4d5d855ba444131923ef
1419,a40b16e7d6194a41b25452f22d115771
1420,400defdef6b9427ba4a8b606cc3e36fd
1421,a580442b675446a9a1328e62748cda28
1422,24ff1f88710f4fd2863b040817cac8e8
1423,568934c868664bc68048505ce420cd7d
1424,563dd849b66f49b88d2323a0722d2f6e
1425,95892bd9812f40249433861a916260db
1426,becb7c1080e8415ab1bb87b065a36ec5
1427,47fd402e872e484994a5811334a48736
1428,93ade3bde5274ab2a0d31825849b23d8
1429,eae5eb57e29c43baa0cae2b1562559f2
1430,78530895f7df454d9dbc224a11024cd9
1431,a9cf4974b01c44b4b079fbc589677120
1432,70ecfe3de5ac4d8b97ab4da4d6e38b60
